# What the upstream-drift workflow watches, and the single source of truth for it.
#
# build/check-upstream.sh reads this; it knows how to query each ecosystem but nothing about which
# components this repository binds. Adding a native SDK means adding a row here.
#
# Columns are single-tab-separated.
#   group    reporting group - one GitHub issue per group, titled with this text
#   label    how the component is named inside the issue
#   kind     cocoapods | maven | github-release | github-tag
#   pin      the MSBuild property in Directory.Build.props holding the pinned version
#   locator  kind-specific: pod name, groupId:artifactId[:packaging][@repo], or owner/repo
#   confirm  download URL template with {version}, or "-" to derive it from the locator
#
# Datadog attaches the prebuilt Datadog.xcframework.zip to the release itself, and that asset - not
# the tag - is what build/FetchXcFrameworks.sh downloads. Confirming against it is what stops a
# release cut before the binary is uploaded from being reported as ready to bind.
#
# group	label	kind	pin	locator	confirm
Datadog iOS	dd-sdk-ios	github-release	DatadogNativeVersion	DataDog/dd-sdk-ios	https://github.com/DataDog/dd-sdk-ios/releases/download/{version}/Datadog.xcframework.zip
